{"cameraMode":{"drawMode":0,"name":"Shaded","section":"Shading Mode"},"sceneLighting":false,"audioPlay":false,"sceneViewState":{"m_AlwaysRefresh":false,"showFog":true,"showSkybox":false,"showFlares":true,"showImageEffects":true,"showParticleSystems":true,"showVisualEffectGraphs":true,"m_FxEnabled":true},"in2DMode":false,"pivot":{"x":-1.4518784284591675,"y":1.3132706880569459,"z":3.3451218605041506},"rotation":{"x":-0.06325030326843262,"y":-0.011376623995602131,"z":0.0008065190631896257,"w":-0.997711718082428},"size":0.9451887011528015,"orthographic":false}